{
  "dataFormat": 5,
  "rssi": -64,
  "temperature": 22.205000000000002,
  "humidity": 30.677500000000002,
  "pressure": 100123,
  "accelerationX": 48,
  "accelerationY": 12,
  "accelerationZ": 1024,
  "battery": 2791,
  "txPower": 4,
  "movementCounter": 143,
  "measurementSequenceNumber": 25605,
  "mac": "C5:60:A3:8C:A3:56"
}