{
  "dataFormat": 5,
  "rssi": -74,
  "temperature": 21.615000000000002,
  "humidity": 27.677500000000002,
  "pressure": 100265,
  "accelerationX": 44,
  "accelerationY": 4,
  "accelerationZ": 1024,
  "battery": 2802,
  "txPower": 4,
  "movementCounter": 146,
  "measurementSequenceNumber": 34710,
  "mac": "C5:60:A3:8C:A3:56"
}